id,ad_group
797,Reason
1224,Emotion
1328,Control
3616,Reason
4065,Emotion
4639,Control
1340,Reason
1957,Emotion
1517,Control
2917,Reason
2564,Emotion
900,Control
3688,Reason
3676,Emotion
569,Control
3685,Reason
110,Emotion
3249,Control
555,Reason
2894,Emotion
3383,Control
2403,Reason
2549,Emotion
679,Control
3003,Reason
3957,Emotion
1828,Control
3984,Reason
257,Emotion
1707,Control
1716,Reason
735,Emotion
4022,Control
4123,Reason
3489,Emotion
4490,Control
3876,Reason
239,Emotion
474,Control
2327,Reason
2612,Emotion
235,Control
3207,Reason
359,Emotion
1117,Control
3660,Reason
2211,Emotion
1174,Control
1787,Reason
298,Emotion
1314,Control
1955,Reason
1384,Emotion
3177,Control
4590,Reason
4053,Emotion
3643,Control
4224,Reason
1119,Emotion
3760,Control
1748,Reason
1245,Emotion
2485,Control
3683,Reason
1257,Emotion
123,Control
4916,Reason
112,Emotion
4058,Control
868,Reason
4933,Emotion
2669,Control
1445,Reason
1285,Emotion
2462,Control
176,Reason
2933,Emotion
1714,Control
2155,Reason
1465,Emotion
1110,Control
208,Reason
4089,Emotion
2055,Control
3088,Reason
715,Emotion
3514,Control
3172,Reason
2935,Emotion
1631,Control
2220,Reason
2566,Emotion
1735,Control
4038,Reason
2634,Emotion
982,Control
3205,Reason
2357,Emotion
3907,Control
318,Reason
3250,Emotion
4456,Control
3695,Reason
3187,Emotion
1042,Control
190,Reason
1096,Emotion
1851,Control
2021,Reason
3314,Emotion
437,Control
3783,Reason
1045,Emotion
2834,Control
1261,Reason
2192,Emotion
4128,Control
4889,Reason
3680,Emotion
4730,Control
1007,Reason
4400,Emotion
3697,Control
2486,Reason
2792,Emotion
4726,Control
3152,Reason
2643,Emotion
3485,Control
4120,Reason
454,Emotion
1274,Control
2079,Reason
279,Emotion
4600,Control
2437,Reason
122,Emotion
2904,Control
1041,Reason
3017,Emotion
2384,Control
2927,Reason
354,Emotion
3356,Control
2592,Reason
4819,Emotion
4592,Control
1111,Reason
3689,Emotion
2424,Control
3705,Reason
352,Emotion
2185,Control
2292,Reason
1358,Emotion
1933,Control
1995,Reason
4649,Emotion
1268,Control
4268,Reason
4778,Emotion
3221,Control
1700,Reason
4432,Emotion
4396,Control
3304,Reason
4548,Emotion
1391,Control
2388,Reason
4018,Emotion
2235,Control
272,Reason
2774,Emotion
842,Control
1500,Reason
4221,Emotion
1029,Control
2799,Reason
951,Emotion
3103,Control
2800,Reason
2905,Emotion
2984,Control
3298,Reason
4929,Emotion
848,Control
2441,Reason
1112,Emotion
3396,Control
3350,Reason
565,Emotion
1902,Control
785,Reason
2078,Emotion
3513,Control
4102,Reason
1030,Emotion
705,Control
863,Reason
2111,Emotion
4229,Control
4286,Reason
4729,Emotion
3947,Control
670,Reason
4894,Emotion
1343,Control
624,Reason
1011,Emotion
3027,Control
3628,Reason
3006,Emotion
3603,Control
748,Reason
401,Emotion
3365,Control
1036,Reason
1146,Emotion
444,Control
2584,Reason
4702,Emotion
3799,Control
1189,Reason
2724,Emotion
4823,Control
3674,Reason
1838,Emotion
2516,Control
3294,Reason
2341,Emotion
3578,Control
1739,Reason
2151,Emotion
1276,Control
4041,Reason
1597,Emotion
4868,Control
1584,Reason
3044,Emotion
4305,Control
2228,Reason
3791,Emotion
126,Control
4215,Reason
3062,Emotion
3842,Control
1865,Reason
1108,Emotion
1718,Control
3004,Reason
1322,Emotion
3931,Control
4037,Reason
3615,Emotion
3042,Control
4478,Reason
2201,Emotion
4853,Control
4843,Reason
2016,Emotion
817,Control
2112,Reason
4745,Emotion
4927,Control
1205,Reason
3870,Emotion
1722,Control
518,Reason
3231,Emotion
1420,Control
4972,Reason
874,Emotion
2709,Control
89,Reason
2289,Emotion
75,Control
4811,Reason
1556,Emotion
222,Control
2496,Reason
1670,Emotion
2312,Control
2399,Reason
3808,Emotion
4152,Control
1534,Reason
4347,Emotion
35,Control
991,Reason
4405,Emotion
4821,Control
4096,Reason
2310,Emotion
2262,Control
2879,Reason
4663,Emotion
2084,Control
1734,Reason
4322,Emotion
1321,Control
3352,Reason
3363,Emotion
414,Control
4467,Reason
3885,Emotion
4913,Control
1225,Reason
4545,Emotion
1977,Control
4287,Reason
3324,Emotion
3918,Control
1901,Reason
3280,Emotion
2336,Control
1379,Reason
4668,Emotion
4560,Control
2436,Reason
290,Emotion
3715,Control
4502,Reason
3084,Emotion
759,Control
1231,Reason
1399,Emotion
2340,Control
602,Reason
865,Emotion
1822,Control
232,Reason
3264,Emotion
1352,Control
4914,Reason
2911,Emotion
2282,Control
4054,Reason
1442,Emotion
3972,Control
471,Reason
4954,Emotion
1351,Control
3978,Reason
2034,Emotion
3724,Control
1792,Reason
3077,Emotion
1044,Control
4796,Reason
4403,Emotion
1191,Control
2881,Reason
404,Emotion
3552,Control
974,Reason
2558,Emotion
2671,Control
1380,Reason
746,Emotion
2888,Control
2456,Reason
1046,Emotion
3345,Control
4136,Reason
38,Emotion
4057,Control
4115,Reason
4124,Emotion
2149,Control
2784,Reason
3054,Emotion
1885,Control
2160,Reason
380,Emotion
2618,Control
610,Reason
2473,Emotion
3606,Control
2956,Reason
3266,Emotion
3985,Control
3416,Reason
3648,Emotion
1077,Control
3161,Reason
202,Emotion
3565,Control
3725,Reason
54,Emotion
2137,Control
2081,Reason
533,Emotion
2763,Control
1476,Reason
4520,Emotion
3711,Control
4075,Reason
204,Emotion
2062,Control
4497,Reason
3884,Emotion
2908,Control
665,Reason
2241,Emotion
4723,Control
959,Reason
2180,Emotion
3303,Control
1039,Reason
3832,Emotion
1526,Control
4474,Reason
456,Emotion
142,Control
616,Reason
4618,Emotion
3536,Control
3168,Reason
1691,Emotion
819,Control
765,Reason
1353,Emotion
1360,Control
1165,Reason
2812,Emotion
3011,Control
3945,Reason
782,Emotion
3824,Control
2133,Reason
4971,Emotion
4310,Control
1474,Reason
744,Emotion
4735,Control
2208,Reason
2770,Emotion
891,Control
778,Reason
1949,Emotion
4140,Control
3295,Reason
758,Emotion
438,Control
1701,Reason
4630,Emotion
3572,Control
4587,Reason
554,Emotion
2964,Control
1552,Reason
167,Emotion
2811,Control
1767,Reason
4262,Emotion
3890,Control
1829,Reason
3094,Emotion
789,Control
3282,Reason
2284,Emotion
2026,Control
140,Reason
884,Emotion
466,Control
3194,Reason
16,Emotion
193,Control
4960,Reason
1936,Emotion
1724,Control
2358,Reason
2460,Emotion
281,Control
4694,Reason
1107,Emotion
3206,Control
2876,Reason
2178,Emotion
538,Control
3393,Reason
2150,Emotion
4769,Control
224,Reason
2874,Emotion
3986,Control
1408,Reason
3041,Emotion
4859,Control
4326,Reason
2392,Emotion
2248,Control
1271,Reason
2476,Emotion
3038,Control
3483,Reason
1243,Emotion
60,Control
3441,Reason
4433,Emotion
4537,Control
906,Reason
4491,Emotion
1766,Control
1336,Reason
1590,Emotion
3708,Control
3785,Reason
1219,Emotion
1623,Control
216,Reason
4946,Emotion
1054,Control
389,Reason
3543,Emotion
1642,Control
3806,Reason
1740,Emotion
1402,Control
2065,Reason
4240,Emotion
3244,Control
1255,Reason
4511,Emotion
4504,Control
2680,Reason
4832,Emotion
3488,Control
1884,Reason
3341,Emotion
3452,Control
596,Reason
4777,Emotion
2535,Control
1879,Reason
339,Emotion
2967,Control
1252,Reason
2768,Emotion
935,Control
2504,Reason
125,Emotion
4425,Control
2412,Reason
2677,Emotion
348,Control
2131,Reason
1073,Emotion
3428,Control
3031,Reason
2295,Emotion
999,Control
3193,Reason
4055,Emotion
4437,Control
1522,Reason
1832,Emotion
4393,Control
1824,Reason
2892,Emotion
4749,Control
611,Reason
4406,Emotion
1220,Control
3048,Reason
3216,Emotion
4020,Control
1973,Reason
3178,Emotion
560,Control
2915,Reason
1297,Emotion
1639,Control
3099,Reason
57,Emotion
3083,Control
2786,Reason
2071,Emotion
3700,Control
3120,Reason
4168,Emotion
4267,Control
66,Reason
2716,Emotion
3930,Control
2512,Reason
783,Emotion
1023,Control
2345,Reason
4994,Emotion
4757,Control
3589,Reason
249,Emotion
1698,Control
3557,Reason
802,Emotion
4557,Control
1072,Reason
941,Emotion
384,Control
2177,Reason
3406,Emotion
2263,Control
4679,Reason
3821,Emotion
641,Control
2075,Reason
1515,Emotion
4360,Control
3835,Reason
2098,Emotion
4928,Control
996,Reason
983,Emotion
4530,Control
1887,Reason
2733,Emotion
342,Control
4707,Reason
3735,Emotion
2159,Control
1577,Reason
4181,Emotion
1131,Control
3494,Reason
13,Emotion
2598,Control
3111,Reason
3897,Emotion
1043,Control
3746,Reason
1501,Emotion
4620,Control
203,Reason
3301,Emotion
3959,Control
1462,Reason
4241,Emotion
672,Control
2921,Reason
255,Emotion
2571,Control
540,Reason
4733,Emotion
4104,Control
3528,Reason
4276,Emotion
4282,Control
4440,Reason
2870,Emotion
1186,Control
2258,Reason
1992,Emotion
1864,Control
1293,Reason
311,Emotion
790,Control
4857,Reason
4,Emotion
4112,Control
4856,Reason
4905,Emotion
481,Control
4624,Reason
1434,Emotion
2614,Control
1953,Reason
853,Emotion
2766,Control
3961,Reason
988,Emotion
1834,Control
3139,Reason
3284,Emotion
1856,Control
811,Reason
2597,Emotion
682,Control
3113,Reason
2028,Emotion
2167,Control
362,Reason
4026,Emotion
1860,Control
2953,Reason
4664,Emotion
3820,Control
1510,Reason
826,Emotion
113,Control
1015,Reason
3942,Emotion
2989,Control
1095,Reason
4534,Emotion
3016,Control
1059,Reason
2946,Emotion
1338,Control
2266,Reason
4389,Emotion
3747,Control
4415,Reason
3752,Emotion
1323,Control
85,Reason
1533,Emotion
1659,Control
1461,Reason
2721,Emotion
1908,Control
143,Reason
2993,Emotion
2120,Control
3756,Reason
3751,Emotion
1266,Control
4515,Reason
3285,Emotion
2698,Control
4144,Reason
3982,Emotion
2175,Control
2082,Reason
883,Emotion
2307,Control
4585,Reason
4535,Emotion
4686,Control
2570,Reason
2411,Emotion
4236,Control
1158,Reason
2230,Emotion
3497,Control
511,Reason
2337,Emotion
4110,Control
3764,Reason
4422,Emotion
4098,Control
1840,Reason
4611,Emotion
1066,Control
4021,Reason
1099,Emotion
3668,Control
4367,Reason
1521,Emotion
1403,Control
2048,Reason
1831,Emotion
1528,Control
356,Reason
321,Emotion
427,Control
3946,Reason
4199,Emotion
4742,Control
4987,Reason
3070,Emotion
4677,Control
2701,Reason
2370,Emotion
1365,Control
4808,Reason
4279,Emotion
3213,Control
4002,Reason
3361,Emotion
3701,Control
428,Reason
275,Emotion
1350,Control
872,Reason
3531,Emotion
4936,Control
1497,Reason
2205,Emotion
2789,Control
1771,Reason
3142,Emotion
1965,Control
4185,Reason
3889,Emotion
1647,Control
2536,Reason
223,Emotion
4318,Control
3074,Reason
4570,Emotion
4772,Control
231,Reason
893,Emotion
2269,Control
725,Reason
1912,Emotion
668,Control
3814,Reason
2272,Emotion
2001,Control
2086,Reason
1370,Emotion
3617,Control
2019,Reason
2165,Emotion
1752,Control
2548,Reason
3272,Emotion
3893,Control
2381,Reason
4082,Emotion
583,Control
2741,Reason
3460,Emotion
2469,Control
2057,Reason
363,Emotion
3230,Control
816,Reason
4411,Emotion
4782,Control
4942,Reason
2980,Emotion
2547,Control
3710,Reason
3740,Emotion
4247,Control
3981,Reason
2840,Emotion
1825,Control
2962,Reason
3165,Emotion
1968,Control
487,Reason
166,Emotion
2813,Control
3378,Reason
361,Emotion
2611,Control
3190,Reason
2749,Emotion
2271,Control
3822,Reason
2896,Emotion
2771,Control
1344,Reason
426,Emotion
3663,Control
4626,Reason
1451,Emotion
745,Control
3524,Reason
4688,Emotion
2170,Control
3995,Reason
267,Emotion
3233,Control
753,Reason
536,Emotion
978,Control
3874,Reason
2063,Emotion
1137,Control
2641,Reason
946,Emotion
776,Control
967,Reason
692,Emotion
1603,Control
4499,Reason
2461,Emotion
4926,Control
3731,Reason
1167,Emotion
1753,Control
608,Reason
1942,Emotion
4980,Control
2431,Reason
4027,Emotion
4134,Control
1447,Reason
2909,Emotion
3185,Control
3413,Reason
773,Emotion
3936,Control
2582,Reason
1986,Emotion
2035,Control
3741,Reason
2635,Emotion
2087,Control
295,Reason
1362,Emotion
3568,Control
4228,Reason
4561,Emotion
4421,Control
3125,Reason
2922,Emotion
810,Control
3951,Reason
4790,Emotion
2858,Control
4385,Reason
4202,Emotion
4369,Control
1449,Reason
3963,Emotion
4039,Control
1487,Reason
4234,Emotion
1124,Control
1080,Reason
4578,Emotion
2986,Control
1145,Reason
764,Emotion
4640,Control
4416,Reason
4551,Emotion
1826,Control
1892,Reason
194,Emotion
4205,Control
423,Reason
3549,Emotion
911,Control
923,Reason
1280,Emotion
4492,Control
2274,Reason
4748,Emotion
3381,Control
246,Reason
945,Emotion
408,Control
4812,Reason
2912,Emotion
4356,Control
1068,Reason
2531,Emotion
4644,Control
2793,Reason
2287,Emotion
2603,Control
4910,Reason
3804,Emotion
512,Control
556,Reason
977,Emotion
1348,Control
3721,Reason
2848,Emotion
1688,Control
116,Reason
839,Emotion
866,Control
3970,Reason
2893,Emotion
4968,Control
4612,Reason
486,Emotion
570,Control
2997,Reason
2474,Emotion
738,Control
4175,Reason
129,Emotion
410,Control
684,Reason
4060,Emotion
3582,Control
1769,Reason
4670,Emotion
1655,Control
1089,Reason
2385,Emotion
2743,Control
1925,Reason
4300,Emotion
2949,Control
2216,Reason
499,Emotion
1326,Control
510,Reason
574,Emotion
1470,Control
18,Reason
3311,Emotion
1728,Control
2735,Reason
3386,Emotion
1081,Control
1966,Reason
353,Emotion
1197,Control
4106,Reason
4924,Emotion
1996,Control
186,Reason
4766,Emotion
1423,Control
3590,Reason
254,Emotion
1032,Control
473,Reason
4047,Emotion
2457,Control
2414,Reason
4238,Emotion
1877,Control
660,Reason
3438,Emotion
558,Control
3694,Reason
4704,Emotion
3434,Control
2901,Reason
2897,Emotion
1467,Control
4137,Reason
4407,Emotion
1975,Control
1324,Reason
2596,Emotion
1092,Control
2707,Reason
4806,Emotion
3994,Control
1155,Reason
940,Emotion
1183,Control
2013,Reason
2587,Emotion
1295,Control
1421,Reason
2684,Emotion
1514,Control
912,Reason
4786,Emotion
4934,Control
4271,Reason
1218,Emotion
4962,Control
3145,Reason
3105,Emotion
2105,Control
207,Reason
4563,Emotion
2626,Control
734,Reason
4512,Emotion
3592,Control
4325,Reason
1426,Emotion
698,Control
2730,Reason
2832,Emotion
4666,Control
1919,Reason
3594,Emotion
4108,Control
1538,Reason
3116,Emotion
2606,Control
2076,Reason
2620,Emotion
3803,Control
3627,Reason
3170,Emotion
4739,Control
4017,Reason
3174,Emotion
1900,Control
4079,Reason
3175,Emotion
3226,Control
3229,Reason
3456,Emotion
3900,Control
1785,Reason
1013,Emotion
4833,Control
206,Reason
534,Emotion
4417,Control
1652,Reason
2579,Emotion
1857,Control
1065,Reason
3651,Emotion
600,Control
4384,Reason
374,Emotion
4991,Control
2509,Reason
4514,Emotion
3797,Control
3702,Reason
3848,Emotion
2578,Control
4898,Reason
2106,Emotion
2161,Control
2929,Reason
2696,Emotion
1083,Control
855,Reason
3654,Emotion
2004,Control
1883,Reason
4800,Emotion
55,Control
3443,Reason
1256,Emotion
2589,Control
2852,Reason
3117,Emotion
3310,Control
1114,Reason
4865,Emotion
2971,Control
3466,Reason
2815,Emotion
133,Control
3487,Reason
2755,Emotion
4841,Control
322,Reason
1893,Emotion
1554,Control
1149,Reason
4580,Emotion
1913,Control
1240,Reason
2925,Emotion
2194,Control
1129,Reason
2500,Emotion
2866,Control
4982,Reason
241,Emotion
649,Control
2803,Reason
1101,Emotion
675,Control
367,Reason
188,Emotion
3179,Control
4296,Reason
4589,Emotion
3414,Control
3346,Reason
2408,Emotion
1400,Control
3155,Reason
273,Emotion
4607,Control
435,Reason
3339,Emotion
1342,Control
2843,Reason
1237,Emotion
1833,Control
1435,Reason
1179,Emotion
2311,Control
2213,Reason
2521,Emotion
1613,Control
2365,Reason
1765,Emotion
1601,Control
4850,Reason
3292,Emotion
4333,Control
3591,Reason
2519,Emotion
3069,Control
2400,Reason
2369,Emotion
2444,Control
2974,Reason
2791,Emotion
876,Control
489,Reason
1320,Emotion
4888,Control
3749,Reason
1022,Emotion
3104,Control
3110,Reason
580,Emotion
2067,Control
4160,Reason
4087,Emotion
4844,Control
453,Reason
613,Emotion
2681,Control
2835,Reason
4301,Emotion
3604,Control
730,Reason
2124,Emotion
220,Control
515,Reason
1151,Emotion
4074,Control
3181,Reason
1075,Emotion
2663,Control
907,Reason
1196,Emotion
3481,Control
1604,Reason
3477,Emotion
845,Control
4731,Reason
805,Emotion
3239,Control
2135,Reason
3128,Emotion
3684,Control
2737,Reason
3503,Emotion
4258,Control
1770,Reason
4579,Emotion
245,Control
4101,Reason
3828,Emotion
271,Control
2049,Reason
3425,Emotion
3586,Control
2245,Reason
4829,Emotion
292,Control
4261,Reason
1505,Emotion
3480,Control
544,Reason
4604,Emotion
3906,Control
2621,Reason
2350,Emotion
137,Control
860,Reason
333,Emotion
955,Control
1286,Reason
4610,Emotion
2616,Control
2448,Reason
1638,Emotion
3457,Control
469,Reason
4103,Emotion
360,Control
1910,Reason
2371,Emotion
2233,Control
492,Reason
2145,Emotion
2080,Control
1924,Reason
1914,Emotion
376,Control
4452,Reason
3484,Emotion
2667,Control
628,Reason
3411,Emotion
3827,Control
3118,Reason
2787,Emotion
3347,Control
1794,Reason
3109,Emotion
2132,Control
937,Reason
4983,Emotion
4540,Control
4506,Reason
3150,Emotion
2039,Control
3066,Reason
2319,Emotion
2703,Control
4900,Reason
2992,Emotion
3559,Control
3673,Reason
909,Emotion
3991,Control
3504,Reason
1821,Emotion
1436,Control
1796,Reason
3368,Emotion
508,Control
4923,Reason
4943,Emotion
2475,Control
2831,Reason
48,Emotion
4223,Control
2464,Reason
3218,Emotion
252,Control
23,Reason
3506,Emotion
4584,Control
987,Reason
1381,Emotion
4477,Control
390,Reason
3235,Emotion
3564,Control
73,Reason
1213,Emotion
4798,Control
3080,Reason
3290,Emotion
2751,Control
2599,Reason
3147,Emotion
1675,Control
4716,Reason
33,Emotion
1513,Control
3691,Reason
4214,Emotion
1267,Control
4773,Reason
4455,Emotion
4629,Control
3542,Reason
4368,Emotion
3169,Control
3608,Reason
1657,Emotion
262,Control
4443,Reason
4254,Emotion
4937,Control
3008,Reason
639,Emotion
67,Control
3862,Reason
3530,Emotion
1373,Control
4165,Reason
4941,Emotion
4667,Control
586,Reason
4314,Emotion
215,Control
3475,Reason
4619,Emotion
1548,Control
2489,Reason
4378,Emotion
2631,Control
674,Reason
4601,Emotion
990,Control
4335,Reason
1371,Emotion
1414,Control
4845,Reason
382,Emotion
3385,Control
2449,Reason
1118,Emotion
4719,Control
9,Reason
651,Emotion
2913,Control
1904,Reason
4813,Emotion
3898,Control
3825,Reason
3644,Emotion
3816,Control
3390,Reason
1265,Emotion
694,Control
3619,Reason
2125,Emotion
3980,Control
2459,Reason
88,Emotion
4827,Control
91,Reason
4895,Emotion
3667,Control
1411,Reason
4543,Emotion
4527,Control
1927,Reason
64,Emotion
4658,Control
2797,Reason
1113,Emotion
2206,Control
45,Reason
4379,Emotion
1780,Control
4327,Reason
1754,Emotion
4706,Control
280,Reason
784,Emotion
3400,Control
1760,Reason
147,Emotion
4529,Control
4516,Reason
944,Emotion
4507,Control
2532,Reason
337,Emotion
1941,Control
3252,Reason
2957,Emotion
3392,Control
4925,Reason
1841,Emotion
2056,Control
4081,Reason
894,Emotion
3176,Control
1823,Reason
2926,Emotion
4145,Control
1709,Reason
820,Emotion
4412,Control
103,Reason
1377,Emotion
642,Control
3533,Reason
4003,Emotion
278,Control
506,Reason
375,Emotion
4211,Control
1599,Reason
2222,Emotion
1258,Control
1459,Reason
237,Emotion
625,Control
1064,Reason
372,Emotion
4036,Control
415,Reason
2045,Emotion
2094,Control
4294,Reason
3467,Emotion
1890,Control
269,Reason
3546,Emotion
2356,Control
3106,Reason
242,Emotion
4781,Control
2819,Reason
1037,Emotion
3525,Control
2467,Reason
1181,Emotion
3527,Control
559,Reason
1091,Emotion
928,Control
3988,Reason
3653,Emotion
4348,Control
2650,Reason
300,Emotion
3759,Control
4708,Reason
2561,Emotion
3202,Control
3382,Reason
209,Emotion
1387,Control
3424,Reason
4382,Emotion
3722,Control
3182,Reason
821,Emotion
2503,Control
4317,Reason
3899,Emotion
2575,Control
2415,Reason
2833,Emotion
3920,Control
2846,Reason
2847,Emotion
3270,Control
754,Reason
2533,Emotion
4447,Control
4689,Reason
4121,Emotion
3538,Control
2280,Reason
446,Emotion
2494,Control
2366,Reason
2656,Emotion
4780,Control
1970,Reason
1376,Emotion
1388,Control
2308,Reason
4966,Emotion
3364,Control
214,Reason
904,Emotion
3420,Control
2553,Reason
2278,Emotion
2568,Control
4195,Reason
1843,Emotion
84,Control
592,Reason
1861,Emotion
2520,Control
326,Reason
4871,Emotion
4940,Control
2176,Reason
2736,Emotion
2108,Control
3833,Reason
3841,Emotion
1542,Control
161,Reason
2742,Emotion
2732,Control
775,Reason
4993,Emotion
2413,Control
2527,Reason
2442,Emotion
2981,Control
2143,Reason
3405,Emotion
3020,Control
2027,Reason
3623,Emotion
838,Control
4518,Reason
4701,Emotion
2184,Control
924,Reason
4156,Emotion
2110,Control
895,Reason
4973,Emotion
4698,Control
2395,Reason
4788,Emotion
1412,Control
4479,Reason
902,Emotion
4010,Control
2734,Reason
4377,Emotion
3545,Control
2297,Reason
4754,Emotion
3410,Control
4595,Reason
3300,Emotion
2147,Control
4073,Reason
593,Emotion
2362,Control
824,Reason
809,Emotion
1954,Control
1264,Reason
1299,Emotion
2025,Control
742,Reason
1730,Emotion
4109,Control
1593,Reason
1909,Emotion
3446,Control
3192,Reason
2955,Emotion
4768,Control
1537,Reason
3419,Emotion
3430,Control
994,Reason
2088,Emotion
798,Control
4076,Reason
1873,Emotion
2775,Control
1989,Reason
3810,Emotion
882,Control
4231,Reason
2306,Emotion
2506,Control
3012,Reason
2836,Emotion
3553,Control
3894,Reason
96,Emotion
251,Control
981,Reason
1486,Emotion
806,Control
2975,Reason
585,Emotion
497,Control
3807,Reason
1855,Emotion
4826,Control
1578,Reason
656,Emotion
482,Control
1983,Reason
3043,Emotion
2762,Control
4558,Reason
4908,Emotion
4632,Control
1994,Reason
1415,Emotion
498,Control
1937,Reason
762,Emotion
2739,Control
3061,Reason
3998,Emotion
567,Control
2313,Reason
3157,Emotion
2367,Control
4967,Reason
3064,Emotion
1889,Control
136,Reason
520,Emotion
1130,Control
274,Reason
407,Emotion
2300,Control
2685,Reason
2963,Emotion
3600,Control
2083,Reason
3921,Emotion
2348,Control
1695,Reason
234,Emotion
94,Control
3143,Reason
2148,Emotion
441,Control
4179,Reason
673,Emotion
722,Control
3065,Reason
2061,Emotion
1689,Control
4436,Reason
3775,Emotion
2918,Control
2237,Reason
2117,Emotion
4249,Control
1696,Reason
1878,Emotion
4243,Control
1382,Reason
2480,Emotion
4992,Control
1368,Reason
1331,Emotion
664,Control
3777,Reason
2207,Emotion
2219,Control
2139,Reason
1550,Emotion
2157,Control
787,Reason
3737,Emotion
2670,Control
1173,Reason
3529,Emotion
4311,Control
3625,Reason
1755,Emotion
4161,Control
579,Reason
4956,Emotion
2119,Control
2046,Reason
3826,Emotion
2781,Control
4351,Reason
3843,Emotion
1915,Control
3014,Reason
4353,Emotion
2425,Control
105,Reason
898,Emotion
2978,Control
2666,Reason
2196,Emotion
4346,Control
3872,Reason
308,Emotion
1595,Control
263,Reason
2044,Emotion
3646,Control
3468,Reason
4216,Emotion
2407,Control
3470,Reason
3895,Emotion
905,Control
2023,Reason
881,Emotion
4332,Control
2066,Reason
1082,Emotion
3256,Control
655,Reason
2166,Emotion
1430,Control
3049,Reason
1477,Emotion
2969,Control
2438,Reason
32,Emotion
4751,Control
1127,Reason
808,Emotion
3844,Control
1341,Reason
2406,Emotion
3641,Control
992,Reason
942,Emotion
834,Control
875,Reason
1899,Emotion
3102,Control
3184,Reason
229,Emotion
455,Control
1847,Reason
1974,Emotion
548,Control
2042,Reason
3092,Emotion
1788,Control
3675,Reason
3275,Emotion
1289,Control
4218,Reason
4920,Emotion
1121,Control
3878,Reason
2938,Emotion
1244,Control
3,Reason
657,Emotion
2493,Control
3928,Reason
2649,Emotion
2934,Control
4486,Reason
1332,Emotion
2849,Control
4135,Reason
3019,Emotion
4907,Control
351,Reason
4565,Emotion
615,Control
4643,Reason
4399,Emotion
1536,Control
2648,Reason
595,Emotion
4381,Control
388,Reason
919,Emotion
3781,Control
3269,Reason
1963,Emotion
4337,Control
4354,Reason
3805,Emotion
154,Control
761,Reason
2583,Emotion
480,Control
3881,Reason
4988,Emotion
1665,Control
2931,Reason
4952,Emotion
4244,Control
1569,Reason
2298,Emotion
3638,Control
1680,Reason
4209,Emotion
3458,Control
2625,Reason
4625,Emotion
4248,Control
3915,Reason
3979,Emotion
1125,Control
4849,Reason
385,Emotion
90,Control
3772,Reason
3621,Emotion
49,Control
1002,Reason
4014,Emotion
7,Control
4944,Reason
620,Emotion
3738,Control
4501,Reason
4763,Emotion
3115,Control
2515,Reason
461,Emotion
2689,Control
4573,Reason
1875,Emotion
4743,Control
4278,Reason
65,Emotion
4463,Control
2470,Reason
2863,Emotion
340,Control
1345,Reason
4797,Emotion
791,Control
4458,Reason
3974,Emotion
430,Control
3696,Reason
1278,Emotion
927,Control
4159,Reason
445,Emotion
1529,Control
3212,Reason
714,Emotion
4274,Control
2838,Reason
259,Emotion
3454,Control
3501,Reason
30,Emotion
3251,Control
4602,Reason
4116,Emotion
101,Control
2722,Reason
2940,Emotion
2102,Control
26,Reason
1152,Emotion
947,Control
3362,Reason
221,Emotion
2364,Control
2878,Reason
4645,Emotion
3402,Control
1726,Reason
1531,Emotion
2954,Control
1649,Reason
925,Emotion
97,Control
3131,Reason
4521,Emotion
1616,Control
4795,Reason
3498,Emotion
3948,Control
879,Reason
4958,Emotion
517,Control
449,Reason
4893,Emotion
516,Control
2320,Reason
3333,Emotion
4899,Control
442,Reason
1764,Emotion
150,Control
1150,Reason
1021,Emotion
747,Control
1625,Reason
3698,Emotion
294,Control
3445,Reason
634,Emotion
2991,Control
4807,Reason
1458,Emotion
3045,Control
2590,Reason
3609,Emotion
1450,Control
871,Reason
612,Emotion
2481,Control
2443,Reason
3198,Emotion
3079,Control
4139,Reason
270,Emotion
1128,Control
2678,Reason
3453,Emotion
2163,Control
1279,Reason
2895,Emotion
662,Control
187,Reason
2316,Emotion
1455,Control
4402,Reason
145,Emotion
1159,Control
572,Reason
2623,Emotion
3512,Control
131,Reason
4173,Emotion
998,Control
1944,Reason
2116,Emotion
2958,Control
966,Reason
4013,Emotion
293,Control
1896,Reason
4035,Emotion
1178,Control
2994,Reason
1881,Emotion
4902,Control
3622,Reason
3965,Emotion
854,Control
171,Reason
640,Emotion
4232,Control
183,Reason
172,Emotion
2906,Control
1819,Reason
4193,Emotion
1656,Control
3992,Reason
3661,Emotion
1940,Control
4308,Reason
1762,Emotion
3686,Control
25,Reason
2622,Emotion
3329,Control
1810,Reason
2191,Emotion
3496,Control
571,Reason
3119,Emotion
1872,Control
1078,Reason
3581,Emotion
1589,Control
1579,Reason
1636,Emotion
3293,Control
812,Reason
724,Emotion
975,Control
3579,Reason
425,Emotion
2910,Control
1624,Reason
1269,Emotion
503,Control
545,Reason
83,Emotion
475,Control
2513,Reason
163,Emotion
2427,Control
3240,Reason
3934,Emotion
1492,Control
2333,Reason
1946,Emotion
633,Control
2948,Reason
1122,Emotion
599,Control
4264,Reason
1682,Emotion
4049,Control
2484,Reason
1008,Emotion
1120,Control
2746,Reason
4312,Emotion
496,Control
1641,Reason
1662,Emotion
4398,Control
160,Reason
314,Emotion
1836,Control
4605,Reason
1453,Emotion
4316,Control
638,Reason
3932,Emotion
4818,Control
3260,Reason
2304,Emotion
3857,Control
4387,Reason
4881,Emotion
3817,Control
3831,Reason
4090,Emotion
720,Control
1539,Reason
4724,Emotion
2524,Control
3847,Reason
3699,Emotion
371,Control
1805,Reason
2454,Emotion
1817,Control
2140,Reason
1987,Emotion
4571,Control
1457,Reason
618,Emotion
770,Control
1283,Reason
896,Emotion
4738,Control
1132,Reason
309,Emotion
1747,Control
2482,Reason
4755,Emotion
4476,Control
4932,Reason
4555,Emotion
1334,Control
1852,Reason
2818,Emotion
4114,Control
1397,Reason
4349,Emotion
1802,Control
4460,Reason
3636,Emotion
3755,Control
3726,Reason
2212,Emotion
1814,Control
1512,Reason
4539,Emotion
1385,Control
2937,Reason
472,Emotion
1795,Control
2353,Reason
3854,Emotion
2773,Control
2777,Reason
2640,Emotion
4614,Control
2951,Reason
2447,Emotion
17,Control
4765,Reason
1203,Emotion
4461,Control
1791,Reason
4634,Emotion
2416,Control
2010,Reason
1259,Emotion
4171,Control
861,Reason
2639,Emotion
3662,Control
2130,Reason
3320,Emotion
4691,Control
4319,Reason
3089,Emotion
629,Control
846,Reason
740,Emotion
4426,Control
2884,Reason
2664,Emotion
2203,Control
1938,Reason
3521,Emotion
2987,Control
4176,Reason
4998,Emotion
1808,Control
1576,Reason
4538,Emotion
3792,Control
80,Reason
1506,Emotion
2409,Control
2646,Reason
1527,Emotion
1260,Control
1551,Reason
4718,Emotion
4542,Control
541,Reason
4298,Emotion
1715,Control
1105,Reason
1697,Emotion
4572,Control
2386,Reason
192,Emotion
3864,Control
4217,Reason
1844,Emotion
2700,Control
3507,Reason
2495,Emotion
3952,Control
3511,Reason
1241,Emotion
1318,Control
2898,Reason
3491,Emotion
2401,Control
2725,Reason
2267,Emotion
2816,Control
2265,Reason
4891,Emotion
3123,Control
2255,Reason
1233,Emotion
760,Control
4676,Reason
2096,Emotion
3319,Control
3987,Reason
43,Emotion
3348,Control
288,Reason
4550,Emotion
575,Control
15,Reason
3520,Emotion
2802,Control
4636,Reason
3950,Emotion
41,Control
2330,Reason
1862,Emotion
4961,Control
1469,Reason
4453,Emotion
196,Control
4984,Reason
1720,Emotion
2113,Control
4487,Reason
500,Emotion
50,Control
3983,Reason
2914,Emotion
2154,Control
3612,Reason
2891,Emotion
1298,Control
605,Reason
1713,Emotion
4879,Control
1374,Reason
2691,Emotion
4609,Control
843,Reason
3288,Emotion
2795,Control
1605,Reason
2560,Emotion
282,Control
2782,Reason
1366,Emotion
4746,Control
1606,Reason
2240,Emotion
1302,Control
1523,Reason
3888,Emotion
1958,Control
3255,Reason
737,Emotion
1404,Control
4652,Reason
1138,Emotion
468,Control
3007,Reason
755,Emotion
3896,Control
1319,Reason
1815,Emotion
4764,Control
3281,Reason
4158,Emotion
3173,Control
2862,Reason
2351,Emotion
1866,Control
2642,Reason
4661,Emotion
2738,Control
3990,Reason
2302,Emotion
3149,Control
3515,Reason
1874,Emotion
1809,Control
4006,Reason
4281,Emotion
4201,Control
1482,Reason
1005,Emotion
3672,Control
459,Reason
2221,Emotion
3124,Control
781,Reason
2129,Emotion
1888,Control
3505,Reason
341,Emotion
3199,Control
3703,Reason
118,Emotion
3903,Control
756,Reason
2920,Emotion
2134,Control
2638,Reason
4024,Emotion
3837,Control
3001,Reason
2072,Emotion
303,Control
4970,Reason
2659,Emotion
2637,Control
3451,Reason
2318,Emotion
4583,Control
4935,Reason
195,Emotion
930,Control
4163,Reason
4309,Emotion
2600,Control
450,Reason
1706,Emotion
667,Control
74,Reason
2760,Emotion
4846,Control
4222,Reason
932,Emotion
1545,Control
4683,Reason
3666,Emotion
2118,Control
2270,Reason
707,Emotion
780,Control
1156,Reason
1027,Emotion
587,Control
3076,Reason
366,Emotion
4149,Control
2182,Reason
4525,Emotion
53,Control
699,Reason
2038,Emotion
2952,Control
3539,Reason
3000,Emotion
3287,Control
201,Reason
2538,Emotion
4466,Control
4157,Reason
3268,Emotion
2617,Control
1228,Reason
1761,Emotion
3478,Control
751,Reason
4284,Emotion
3082,Control
3259,Reason
2567,Emotion
266,Control
4107,Reason
2861,Emotion
1493,Control
1820,Reason
4810,Emotion
1468,Control
1880,Reason
4459,Emotion
2624,Control
3574,Reason
2541,Emotion
3516,Control
970,Reason
903,Emotion
1262,Control
3671,Reason
306,Emotion
2002,Control
2683,Reason
964,Emotion
411,Control
3693,Reason
1490,Emotion
4473,Control
4441,Reason
4758,Emotion
2688,Control
2239,Reason
3704,Emotion
2976,Control
1102,Reason
4887,Emotion
2985,Control
3879,Reason
258,Emotion
4503,Control
2522,Reason
4904,Emotion
527,Control
4005,Reason
2317,Emotion
4672,Control
1300,Reason
1472,Emotion
4187,Control
2349,Reason
4820,Emotion
4787,Control
238,Reason
20,Emotion
1926,Control
1188,Reason
680,Emotion
2941,Control
28,Reason
4162,Emotion
114,Control
3713,Reason
1200,Emotion
4475,Control
4678,Reason
1273,Emotion
4637,Control
913,Reason
2822,Emotion
1438,Control
3151,Reason
3739,Emotion
4023,Control
4182,Reason
857,Emotion
976,Control
462,Reason
1452,Emotion
185,Control
2179,Reason
1871,Emotion
3063,Control
1473,Reason
3093,Emotion
4722,Control
3308,Reason
1905,Emotion
463,Control
2851,Reason
4469,Emotion
3657,Control
4791,Reason
1143,Emotion
4880,Control
2867,Reason
1160,Emotion
2662,Control
4253,Reason
1166,Emotion
178,Control
1454,Reason
4150,Emotion
1549,Control
2827,Reason
3800,Emotion
1033,Control
3649,Reason
3409,Emotion
4651,Control
1705,Reason
3469,Emotion
3904,Control
285,Reason
1190,Emotion
4341,Control
2982,Reason
4690,Emotion
750,Control
2047,Reason
3086,Emotion
2779,Control
2979,Reason
2225,Emotion
2347,Control
995,Reason
702,Emotion
2253,Control
4861,Reason
703,Emotion
4186,Control
3717,Reason
3023,Emotion
1409,Control
3423,Reason
3107,Emotion
3022,Control
4004,Reason
5000,Emotion
832,Control
2193,Reason
1812,Emotion
4480,Control
3598,Reason
2355,Emotion
3200,Control
2273,Reason
460,Emotion
4361,Control
2217,Reason
2152,Emotion
921,Control
4805,Reason
100,Emotion
349,Control
3141,Reason
2615,Emotion
4906,Control
3556,Reason
3544,Emotion
597,Control
3087,Reason
1024,Emotion
139,Control
4783,Reason
1018,Emotion
4372,Control
2710,Reason
4362,Emotion
1894,Control
4070,Reason
4427,Emotion
2544,Control
4627,Reason
301,Emotion
2517,Control
3013,Reason
3334,Emotion
2017,Control
2539,Reason
4025,Emotion
4552,Control
1187,Reason
2947,Emotion
1644,Control
1543,Reason
2123,Emotion
3137,Control
1911,Reason
2068,Emotion
1148,Control
4918,Reason
4510,Emotion
922,Control
265,Reason
3707,Emotion
3201,Control
2236,Reason
4671,Emotion
4969,Control
1055,Reason
2529,Emotion
3203,Control
2200,Reason
3034,Emotion
1672,Control
31,Reason
528,Emotion
3518,Control
4470,Reason
2943,Emotion
1484,Control
4816,Reason
1564,Emotion
504,Control
4588,Reason
4334,Emotion
1646,Control
406,Reason
2286,Emotion
1530,Control
3227,Reason
3188,Emotion
2281,Control
4256,Reason
1448,Emotion
1084,Control
3656,Reason
1572,Emotion
3060,Control
888,Reason
2478,Emotion
1094,Control
393,Reason
2189,Emotion
2257,Control
4662,Reason
2995,Emotion
3439,Control
1153,Reason
77,Emotion
1171,Control
2660,Reason
4299,Emotion
873,Control
4374,Reason
3871,Emotion
3560,Control
3679,Reason
1238,Emotion
1719,Control
2325,Reason
4323,Emotion
4732,Control
2114,Reason
219,Emotion
547,Control
2011,Reason
3750,Emotion
4413,Control
2218,Reason
2514,Emotion
1185,Control
1000,Reason
1574,Emotion
3344,Control
519,Reason
1012,Emotion
420,Control
1210,Reason
3039,Emotion
4269,Control
2373,Reason
477,Emotion
1922,Control
2594,Reason
4699,Emotion
4363,Control
1164,Reason
1750,Emotion
1575,Control
1498,Reason
1614,Emotion
2723,Control
2335,Reason
829,Emotion
1565,Control
1308,Reason
3312,Emotion
3919,Control
4246,Reason
3426,Emotion
2352,Control
4673,Reason
3238,Emotion
2396,Control
3095,Reason
823,Emotion
4717,Control
4734,Reason
2889,Emotion
2501,Control
2665,Reason
483,Emotion
867,Control
4553,Reason
1563,Emotion
3299,Control
2332,Reason
1643,Emotion
4687,Control
1931,Reason
3523,Emotion
3421,Control
3563,Reason
712,Emotion
3262,Control
1246,Reason
344,Emotion
484,Control
4227,Reason
1960,Emotion
2829,Control
1006,Reason
3562,Emotion
3471,Control
3215,Reason
1310,Emotion
369,Control
697,Reason
777,Emotion
1052,Control
4445,Reason
4350,Emotion
2687,Control
111,Reason
3975,Emotion
429,Control
3021,Reason
4886,Emotion
4213,Control
4556,Reason
4044,Emotion
2453,Control
961,Reason
4196,Emotion
598,Control
526,Reason
4266,Emotion
733,Control
3009,Reason
3474,Emotion
4803,Control
2629,Reason
4996,Emotion
736,Control
4874,Reason
1115,Emotion
1009,Control
3584,Reason
3403,Emotion
3242,Control
3678,Reason
3597,Emotion
286,Control
4289,Reason
3718,Emotion
338,Control
4011,Reason
2426,Emotion
4544,Control
3923,Reason
1277,Emotion
1,Control
2018,Reason
4130,Emotion
2224,Control
2471,Reason
2628,Emotion
4401,Control
3450,Reason
4040,Emotion
531,Control
2052,Reason
1253,Emotion
364,Control
3246,Reason
1897,Emotion
4901,Control
4180,Reason
4586,Emotion
2523,Control
3779,Reason
507,Emotion
2586,Control
2610,Reason
2505,Emotion
121,Control
302,Reason
3377,Emotion
3220,Control
2711,Reason
3958,Emotion
1806,Control
3571,Reason
4641,Emotion
3922,Control
813,Reason
1463,Emotion
892,Control
3510,Reason
3607,Emotion
4184,Control
804,Reason
4357,Emotion
93,Control
3786,Reason
2804,Emotion
2009,Control
81,Reason
144,Emotion
1553,Control
3144,Reason
2387,Emotion
2468,Control
2850,Reason
3297,Emotion
1419,Control
4785,Reason
695,Emotion
4375,Control
3353,Reason
1777,Emotion
4292,Control
3351,Reason
2070,Emotion
331,Control
1329,Reason
650,Emotion
1471,Control
4681,Reason
1001,Emotion
3306,Control
3954,Reason
2754,Emotion
3712,Control
476,Reason
1661,Emotion
4086,Control
1088,Reason
2542,Emotion
4990,Control
2960,Reason
3540,Emotion
3463,Control
1732,Reason
4494,Emotion
432,Control
3245,Reason
1571,Emotion
109,Control
447,Reason
1651,Emotion
4711,Control
719,Reason
325,Emotion
2430,Control
1868,Reason
4418,Emotion
1685,Control
2801,Reason
1418,Emotion
4328,Control
581,Reason
637,Emotion
2127,Control
4138,Reason
2103,Emotion
2100,Control
1712,Reason
68,Emotion
4067,Control
2537,Reason
1801,Emotion
3171,Control
3028,Reason
2674,Emotion
3853,Control
4995,Reason
3502,Emotion
3032,Control
4048,Reason
588,Emotion
4077,Control
1781,Reason
4188,Emotion
1103,Control
4774,Reason
148,Emotion
938,Control
2559,Reason
1456,Emotion
3283,Control
419,Reason
2254,Emotion
3687,Control
965,Reason
4481,Emotion
4814,Control
3354,Reason
1177,Emotion
1648,Control
3338,Reason
334,Emotion
181,Control
4696,Reason
2435,Emotion
2069,Control
3940,Reason
1586,Emotion
1793,Control
3535,Reason
704,Emotion
3580,Control
788,Reason
1520,Emotion
1736,Control
2301,Reason
4574,Emotion
2463,Control
115,Reason
957,Emotion
95,Control
1395,Reason
562,Emotion
4989,Control
3599,Reason
3566,Emotion
248,Control
3067,Reason
1325,Emotion
2695,Control
4839,Reason
1703,Emotion
729,Control
2585,Reason
4532,Emotion
405,Control
174,Reason
721,Emotion
710,Control
1488,Reason
606,Emotion
1583,Control
1058,Reason
663,Emotion
132,Control
2887,Reason
3809,Emotion
1768,Control
82,Reason
3655,Emotion
4867,Control
3167,Reason
3444,Emotion
1615,Control
3138,Reason
752,Emotion
1784,Control
4429,Reason
400,Emotion
3440,Control
1133,Reason
4493,Emotion
563,Control
814,Reason
315,Emotion
1304,Control
1378,Reason
2382,Emotion
4059,Control
1738,Reason
1923,Emotion
2479,Control
2030,Reason
130,Emotion
3836,Control
1062,Reason
862,Emotion
1990,Control
3849,Reason
4307,Emotion
2146,Control
3204,Reason
939,Emotion
3886,Control
4912,Reason
3317,Emotion
4997,Control
4080,Reason
4255,Emotion
2498,Control
1798,Reason
2632,Emotion
1010,Control
3121,Reason
3905,Emotion
4508,Control
1047,Reason
71,Emotion
2101,Control
2916,Reason
2556,Emotion
899,Control
365,Reason
3576,Emotion
3379,Control
3018,Reason
4007,Emotion
4549,Control
4985,Reason
2900,Emotion
2552,Control
1443,Reason
4063,Emotion
1394,Control
2965,Reason
21,Emotion
908,Control
3573,Reason
4051,Emotion
1602,Control
573,Reason
1677,Emotion
493,Control
3437,Reason
1254,Emotion
2445,Control
795,Reason
835,Emotion
3078,Control
2873,Reason
47,Emotion
2288,Control
4072,Reason
210,Emotion
4151,Control
2033,Reason
2645,Emotion
4343,Control
413,Reason
713,Emotion
4204,Control
3372,Reason
4283,Emotion
2930,Control
509,Reason
2156,Emotion
2970,Control
2331,Reason
962,Emotion
1570,Control
3211,Reason
1250,Emotion
1673,Control
3614,Reason
3278,Emotion
3834,Control
691,Reason
1516,Emotion
3774,Control
2693,Reason
3757,Emotion
4654,Control
3302,Reason
718,Emotion
850,Control
431,Reason
953,Emotion
4700,Control
1106,Reason
347,Emotion
4635,Control
2718,Reason
3758,Emotion
2051,Control
1475,Reason
1818,Emotion
4822,Control
3596,Reason
4801,Emotion
910,Control
138,Reason
1594,Emotion
3195,Control
2633,Reason
2776,Emotion
3558,Control
2404,Reason
2168,Emotion
4142,Control
2809,Reason
2372,Emotion
1016,Control
847,Reason
4095,Emotion
1070,Control
2059,Reason
1071,Emotion
3186,Control
3993,Reason
2877,Emotion
2343,Control
1249,Reason
4046,Emotion
3863,Control
211,Reason
1020,Emotion
3588,Control
1920,Reason
2602,Emotion
1422,Control
886,Reason
681,Emotion
3114,Control
3645,Reason
1383,Emotion
1916,Control
3554,Reason
1480,Emotion
2439,Control
3960,Reason
3567,Emotion
2174,Control
3495,Reason
2043,Emotion
2899,Control
168,Reason
2595,Emotion
1049,Control
3136,Reason
4471,Emotion
3263,Control
1839,Reason
3838,Emotion
4069,Control
6,Reason
4190,Emotion
4622,Control
2945,Reason
2507,Emotion
2630,Control
4837,Reason
4419,Emotion
4194,Control
4848,Reason
3343,Emotion
1199,Control
4713,Reason
2508,Emotion
1681,Control
2928,Reason
2378,Emotion
4752,Control
4111,Reason
1242,Emotion
4126,Control
2363,Reason
3537,Emotion
617,Control
213,Reason
1842,Emotion
3068,Control
3359,Reason
3336,Emotion
4203,Control
2492,Reason
4725,Emotion
539,Control
4170,Reason
1729,Emotion
3140,Control
4484,Reason
1921,Emotion
1499,Control
4840,Reason
603,Emotion
4741,Control
467,Reason
317,Emotion
2841,Control
1617,Reason
1654,Emotion
1684,Control
3575,Reason
1393,Emotion
2073,Control
4212,Reason
2290,Emotion
1311,Control
1835,Reason
2190,Emotion
4541,Control
4659,Reason
1929,Emotion
2968,Control
4355,Reason
2250,Emotion
1671,Control
69,Reason
2383,Emotion
1392,Control
1134,Reason
870,Emotion
1811,Control
1573,Reason
4056,Emotion
4862,Control
4804,Reason
3692,Emotion
2031,Control
2820,Reason
3968,Emotion
3391,Control
2410,Reason
3913,Emotion
3677,Control
2714,Reason
732,Emotion
3681,Control
4131,Reason
2405,Emotion
2653,Control
4442,Reason
3112,Emotion
2944,Control
2432,Reason
3765,Emotion
1335,Control
3723,Reason
4794,Emotion
3593,Control
2142,Reason
3096,Emotion
434,Control
1290,Reason
2497,Emotion
4860,Control
1195,Reason
2705,Emotion
1239,Control
1028,Reason
654,Emotion
3159,Control
4388,Reason
4397,Emotion
3033,Control
3307,Reason
4365,Emotion
3823,Control
2859,Reason
2959,Emotion
343,Control
2658,Reason
1858,Emotion
12,Control
8,Reason
1518,Emotion
2872,Control
968,Reason
4705,Emotion
2713,Control
1917,Reason
2099,Emotion
1962,Control
3134,Reason
723,Emotion
106,Control
2686,Reason
3355,Emotion
179,Control
2729,Reason
2550,Emotion
815,Control
4747,Reason
1038,Emotion
2839,Control
4759,Reason
3812,Emotion
2169,Control
2767,Reason
4239,Emotion
56,Control
2037,Reason
3075,Emotion
2309,Control
1727,Reason
3883,Emotion
1275,Control
542,Reason
3433,Emotion
3794,Control
1410,Reason
2171,Emotion
2162,Control
2844,Reason
3541,Emotion
1778,Control
1272,Reason
3160,Emotion
261,Control
4373,Reason
3223,Emotion
1440,Control
104,Reason
3927,Emotion
4789,Control
4226,Reason
552,Emotion
4727,Control
568,Reason
3971,Emotion
653,Control
2227,Reason
1356,Emotion
3534,Control
4715,Reason
70,Emotion
3005,Control
4482,Reason
1142,Emotion
2924,Control
3490,Reason
2104,Emotion
2972,Control
4064,Reason
3767,Emotion
2344,Control
3029,Reason
1895,Emotion
4118,Control
1947,Reason
4761,Emotion
1479,Control
2014,Reason
4613,Emotion
1184,Control
4963,Reason
3659,Emotion
1390,Control
513,Reason
701,Emotion
852,Control
4693,Reason
4824,Emotion
2903,Control
1227,Reason
1215,Emotion
1687,Control
2251,Reason
3944,Emotion
3327,Control
4395,Reason
1741,Emotion
4133,Control
2122,Reason
4615,Emotion
1168,Control
335,Reason
956,Emotion
1406,Control
3248,Reason
3744,Emotion
1524,Control
3629,Reason
3909,Emotion
2215,Control
4577,Reason
885,Emotion
3793,Control
1060,Reason
4250,Emotion
4965,Control
1367,Reason
2673,Emotion
1635,Control
2423,Reason
253,Emotion
1086,Control
230,Reason
4083,Emotion
4028,Control
2418,Reason
3811,Emotion
2368,Control
727,Reason
623,Emotion
119,Control
4562,Reason
4220,Emotion
1176,Control
1993,Reason
3232,Emotion
877,Control
4454,Reason
44,Emotion
1976,Control
320,Reason
4206,Emotion
1098,Control
1206,Reason
1104,Emotion
4744,Control
1192,Reason
4146,Emotion
2036,Control
491,Reason
800,Emotion
2694,Control
2199,Reason
3208,Emotion
284,Control
2420,Reason
4740,Emotion
2502,Control
774,Reason
2421,Emotion
4750,Control
1396,Reason
2697,Emotion
4809,Control
1568,Reason
594,Emotion
173,Control
3384,Reason
2006,Emotion
1692,Control
3323,Reason
3394,Emotion
4451,Control
1669,Reason
501,Emotion
345,Control
933,Reason
1667,Emotion
546,Control
1999,Reason
4882,Emotion
827,Control
4331,Reason
1587,Emotion
2259,Control
646,Reason
926,Emotion
3459,Control
4692,Reason
398,Emotion
936,Control
3486,Reason
2758,Emotion
1346,Control
4431,Reason
2232,Emotion
1870,Control
3633,Reason
1090,Emotion
323,Control
59,Reason
3787,Emotion
2672,Control
4756,Reason
39,Emotion
1979,Control
4930,Reason
1561,Emotion
2661,Control
1867,Reason
577,Emotion
2000,Control
1025,Reason
2064,Emotion
205,Control
1061,Reason
4531,Emotion
2158,Control
2882,Reason
4978,Emotion
717,Control
3189,Reason
1230,Emotion
2247,Control
4208,Reason
916,Emotion
1930,Control
1313,Reason
316,Emotion
1951,Control
1251,Reason
3367,Emotion
830,Control
1303,Reason
1630,Emotion
4566,Control
4631,Reason
4390,Emotion
4414,Control
1776,Reason
4877,Emotion
4792,Control
3868,Reason
1425,Emotion
4462,Control
4621,Reason
2854,Emotion
1710,Control
3846,Reason
1139,Emotion
1270,Control
2511,Reason
1504,Emotion
1816,Control
4564,Reason
1157,Emotion
1236,Control
3098,Reason
40,Emotion
3595,Control
1014,Reason
4872,Emotion
523,Control
532,Reason
2577,Emotion
836,Control
4721,Reason
3742,Emotion
576,Control
3436,Reason
763,Emotion
1502,Control
2121,Reason
4444,Emotion
357,Control
457,Reason
436,Emotion
1247,Control
2572,Reason
4517,Emotion
3057,Control
2715,Reason
3408,Emotion
589,Control
972,Reason
3052,Emotion
61,Control
1223,Reason
2808,Emotion
4709,Control
4019,Reason
3624,Emotion
4242,Control
543,Reason
635,Emotion
1653,Control
934,Reason
2024,Emotion
4275,Control
3358,Reason
3412,Emotion
1596,Control
1126,Reason
549,Emotion
4921,Control
4500,Reason
328,Emotion
4117,Control
1357,Reason
417,Emotion
1756,Control
1337,Reason
225,Emotion
4703,Control
666,Reason
2772,Emotion
4554,Control
3146,Reason
4449,Emotion
1985,Control
3996,Reason
1742,Emotion
3859,Control
1660,Reason
4522,Emotion
464,Control
1939,Reason
1212,Emotion
4066,Control
626,Reason
958,Emotion
918,Control
4909,Reason
2466,Emotion
2745,Control
3867,Reason
3776,Emotion
3770,Control
731,Reason
2676,Emotion
3640,Control
1079,Reason
1349,Emotion
1585,Control
1950,Reason
4273,Emotion
2593,Control
2455,Reason
678,Emotion
2260,Control
950,Reason
1207,Emotion
3585,Control
383,Reason
1375,Emotion
3191,Control
4760,Reason
1775,Emotion
1003,Control
3370,Reason
2276,Emotion
3851,Control
1147,Reason
4680,Emotion
3618,Control
3522,Reason
2326,Emotion
920,Control
1846,Reason
58,Emotion
1204,Control
1544,Reason
621,Emotion
4324,Control
4424,Reason
5,Emotion
3448,Control
1180,Reason
247,Emotion
2817,Control
3435,Reason
2003,Emotion
2830,Control
2740,Reason
502,Emotion
3133,Control
3234,Reason
2902,Emotion
3209,Control
127,Reason
4858,Emotion
3135,Control
228,Reason
4091,Emotion
1437,Control
1632,Reason
4628,Emotion
1676,Control
3631,Reason
4903,Emotion
676,Control
2195,Reason
3166,Emotion
4290,Control
3464,Reason
1969,Emotion
1751,Control
2376,Reason
4533,Emotion
1581,Control
521,Reason
3274,Emotion
277,Control
264,Reason
4633,Emotion
2452,Control
2296,Reason
4192,Emotion
4911,Control
3818,Reason
1361,Emotion
4339,Control
373,Reason
1582,Emotion
4085,Control
2050,Reason
604,Emotion
3222,Control
3373,Reason
4617,Emotion
3813,Control
3461,Reason
291,Emotion
4596,Control
1849,Reason
4129,Emotion
4999,Control
329,Reason
3626,Emotion
2651,Control
2999,Reason
2977,Emotion
87,Control
76,Reason
1424,Emotion
3058,Control
1056,Reason
153,Emotion
3745,Control
2744,Reason
2647,Emotion
4113,Control
1699,Reason
693,Emotion
3955,Control
3714,Reason
4252,Emotion
2540,Control
4720,Reason
1694,Emotion
1048,Control
4304,Reason
2095,Emotion
859,Control
2573,Reason
3335,Emotion
4015,Control
3422,Reason
4295,Emotion
4519,Control
402,Reason
1800,Emotion
3929,Control
3375,Reason
749,Emotion
529,Control
949,Reason
2434,Emotion
2153,Control
4132,Reason
63,Emotion
72,Control
2477,Reason
2966,Emotion
310,Control
4939,Reason
170,Emotion
4172,Control
412,Reason
1619,Emotion
4169,Control
1733,Reason
1546,Emotion
4153,Control
3015,Reason
4336,Emotion
1845,Control
3051,Reason
566,Emotion
3753,Control
2390,Reason
1783,Emotion
3332,Control
99,Reason
837,Emotion
336,Control
3852,Reason
818,Emotion
1034,Control
1485,Reason
686,Emotion
2939,Control
2608,Reason
2141,Emotion
3326,Control
1532,Reason
840,Emotion
4793,Control
10,Reason
324,Emotion
3602,Control
2231,Reason
771,Emotion
4884,Control
4883,Reason
696,Emotion
283,Control
397,Reason
3551,Emotion
2796,Control
4143,Reason
2883,Emotion
3217,Control
2450,Reason
2077,Emotion
3801,Control
1040,Reason
2187,Emotion
2837,Control
2655,Reason
29,Emotion
4825,Control
2759,Reason
2807,Emotion
1758,Control
3197,Reason
78,Emotion
4660,Control
2256,Reason
4513,Emotion
2261,Control
4665,Reason
1296,Emotion
2764,Control
561,Reason
4591,Emotion
3924,Control
3908,Reason
2682,Emotion
3953,Control
4697,Reason
1744,Emotion
828,Control
803,Reason
3037,Emotion
3766,Control
250,Reason
2923,Emotion
4092,Control
1509,Reason
948,Emotion
3613,Control
1774,Reason
2433,Emotion
743,Control
151,Reason
2040,Emotion
4450,Control
1664,Reason
2294,Emotion
631,Control
3912,Reason
3479,Emotion
304,Control
2790,Reason
3389,Emotion
4767,Control
609,Reason
1971,Emotion
2788,Control
1745,Reason
1035,Emotion
4981,Control
1026,Reason
4127,Emotion
197,Control
3130,Reason
4042,Emotion
4364,Control
3472,Reason
3258,Emotion
3279,Control
4870,Reason
1495,Emotion
627,Control
3073,Reason
327,Emotion
4464,Control
2580,Reason
2299,Emotion
3748,Control
4320,Reason
4599,Emotion
3754,Control
4915,Reason
128,Emotion
368,Control
1991,Reason
3976,Emotion
1693,Control
79,Reason
1057,Emotion
3795,Control
4154,Reason
3632,Emotion
4953,Control
1711,Reason
165,Emotion
451,Control
1085,Reason
3665,Emotion
4855,Control
1294,Reason
1978,Emotion
2465,Control
1369,Reason
2805,Emotion
4177,Control
2690,Reason
189,Emotion
1906,Control
3548,Reason
2769,Emotion
2546,Control
1658,Reason
1967,Emotion
4950,Control
2209,Reason
3734,Emotion
394,Control
4949,Reason
4483,Emotion
4359,Control
1621,Reason
1618,Emotion
1827,Control
1622,Reason
647,Emotion
396,Control
2402,Reason
2328,Emotion
3053,Control
4174,Reason
184,Emotion
4329,Control
4352,Reason
979,Emotion
550,Control
4032,Reason
3286,Emotion
1708,Control
2285,Reason
4380,Emotion
4237,Control
844,Reason
3773,Emotion
1087,Control
2588,Reason
1386,Emotion
3732,Control
4498,Reason
980,Emotion
1354,Control
2446,Reason
421,Emotion
4219,Control
2778,Reason
3236,Emotion
2525,Control
3956,Reason
448,Emotion
1163,Control
2058,Reason
2275,Emotion
2324,Control
2032,Reason
4391,Emotion
1214,Control
370,Reason
3473,Emotion
2264,Control
3261,Reason
296,Emotion
1291,Control
1067,Reason
4045,Emotion
1489,Control
954,Reason
2012,Emotion
1588,Control
3829,Reason
2720,Emotion
4863,Control
200,Reason
141,Emotion
2197,Control
146,Reason
2093,Emotion
524,Control
1433,Reason
152,Emotion
2428,Control
1226,Reason
1416,Emotion
1429,Control
1804,Reason
2824,Emotion
3910,Control
2041,Reason
1972,Emotion
1803,Control
4623,Reason
4148,Emotion
4033,Control
4559,Reason
2379,Emotion
2090,Control
4386,Reason
833,Emotion
2864,Control
3508,Reason
1674,Emotion
1640,Control
198,Reason
4230,Emotion
792,Control
4817,Reason
960,Emotion
3097,Control
2907,Reason
584,Emotion
217,Control
3289,Reason
1284,Emotion
1611,Control
4394,Reason
4078,Emotion
51,Control
1432,Reason
858,Emotion
2563,Control
3943,Reason
807,Emotion
4488,Control
2008,Reason
2728,Emotion
14,Control
4569,Reason
1282,Emotion
2238,Control
687,Reason
890,Emotion
986,Control
1600,Reason
350,Emotion
3730,Control
1961,Reason
1540,Emotion
3727,Control
2361,Reason
1850,Emotion
1737,Control
3815,Reason
2144,Emotion
52,Control
3610,Reason
2613,Emotion
4947,Control
2089,Reason
4439,Emotion
4062,Control
3455,Reason
1464,Emotion
2757,Control
4496,Reason
4071,Emotion
1863,Control
3447,Reason
690,Emotion
3388,Control
4653,Reason
465,Emotion
3267,Control
1316,Reason
3148,Emotion
1198,Control
3387,Reason
3162,Emotion
3635,Control
3309,Reason
4052,Emotion
2499,Control
636,Reason
4016,Emotion
2020,Control
3914,Reason
4306,Emotion
4847,Control
768,Reason
772,Emotion
644,Control
2886,Reason
1932,Emotion
409,Control
3658,Reason
3911,Emotion
711,Control
37,Reason
1417,Emotion
3328,Control
2440,Reason
4524,Emotion
2545,Control
1997,Reason
4547,Emotion
3706,Control
378,Reason
2339,Emotion
766,Control
268,Reason
2869,Emotion
2391,Control
1772,Reason
728,Emotion
4885,Control
1407,Reason
4489,Emotion
2422,Control
1031,Reason
1853,Emotion
2164,Control
1562,Reason
4650,Emotion
1135,Control
4277,Reason
4409,Emotion
2293,Control
24,Reason
688,Emotion
1629,Control
726,Reason
218,Emotion
4251,Control
4642,Reason
2574,Emotion
2249,Control
1759,Reason
164,Emotion
381,Control
4099,Reason
1234,Emotion
2268,Control
4141,Reason
1182,Emotion
236,Control
1998,Reason
4606,Emotion
4410,Control
2234,Reason
3720,Emotion
233,Control
2562,Reason
4593,Emotion
19,Control
4830,Reason
3902,Emotion
2458,Control
4834,Reason
767,Emotion
4648,Control
1633,Reason
1281,Emotion
4509,Control
3763,Reason
3036,Emotion
3091,Control
1535,Reason
3010,Emotion
2472,Control
1541,Reason
825,Emotion
2890,Control
3055,Reason
2875,Emotion
3728,Control
2329,Reason
4472,Emotion
2183,Control
1779,Reason
3892,Emotion
2394,Control
1609,Reason
4712,Emotion
2569,Control
2393,Reason
424,Emotion
2554,Control
3973,Reason
98,Emotion
2397,Control
392,Reason
2490,Emotion
3318,Control
514,Reason
3664,Emotion
2528,Control
3277,Reason
1558,Emotion
3670,Control
2761,Reason
578,Emotion
276,Control
4917,Reason
458,Emotion
1980,Control
3180,Reason
2060,Emotion
1627,Control
1074,Reason
2750,Emotion
3276,Control
1333,Reason
530,Emotion
1004,Control
3819,Reason
1945,Emotion
2983,Control
418,Reason
4434,Emotion
1928,Control
3296,Reason
963,Emotion
1557,Control
289,Reason
2657,Emotion
3790,Control
244,Reason
1721,Emotion
3743,Control
2210,Reason
3196,Emotion
3880,Control
2491,Reason
4100,Emotion
158,Control
1194,Reason
2429,Emotion
2,Control
632,Reason
3156,Emotion
3415,Control
1405,Reason
2242,Emotion
1466,Control
2346,Reason
2314,Emotion
2323,Control
3605,Reason
739,Emotion
1903,Control
1988,Reason
1287,Emotion
614,Control
3873,Reason
1169,Emotion
4546,Control
2699,Reason
416,Emotion
683,Control
1567,Reason
3780,Emotion
199,Control
3241,Reason
1216,Emotion
985,Control
2092,Reason
1668,Emotion
3784,Control
2825,Reason
3690,Emotion
478,Control
4009,Reason
312,Emotion
3071,Control
3002,Reason
2604,Emotion
399,Control
4050,Reason
177,Emotion
4105,Control
162,Reason
2706,Emotion
1956,Control
3122,Reason
4684,Emotion
3647,Control
4084,Reason
4762,Emotion
2785,Control
4034,Reason
4340,Emotion
757,Control
2868,Reason
1943,Emotion
4775,Control
4210,Reason
3265,Emotion
3322,Control
1069,Reason
3937,Emotion
2675,Control
156,Reason
3210,Emotion
4799,Control
801,Reason
1686,Emotion
1704,Control
4714,Reason
1763,Emotion
915,Control
1317,Reason
1141,Emotion
2417,Control
3845,Reason
3407,Emotion
1202,Control
648,Reason
1307,Emotion
1162,Control
3967,Reason
4097,Emotion
901,Control
4685,Reason
1496,Emotion
1305,Control
4951,Reason
3132,Emotion
3719,Control
134,Reason
2591,Emotion
2936,Control
2188,Reason
2359,Emotion
2375,Control
3449,Reason
3025,Emotion
2609,Control
4233,Reason
2557,Emotion
3225,Control
490,Reason
4257,Emotion
2692,Control
4675,Reason
1797,Emotion
2053,Control
4831,Reason
3374,Emotion
1731,Control
92,Reason
3761,Emotion
2315,Control
4536,Reason
4167,Emotion
3989,Control
1359,Reason
505,Emotion
3291,Control
243,Reason
4000,Emotion
1478,Control
2198,Reason
1309,Emotion
3652,Control
591,Reason
2223,Emotion
4371,Control
4986,Reason
984,Emotion
4771,Control
2988,Reason
4896,Emotion
4864,Control
677,Reason
1144,Emotion
535,Control
2126,Reason
2202,Emotion
2605,Control
2029,Reason
786,Emotion
3360,Control
1208,Reason
191,Emotion
1952,Control
2534,Reason
3933,Emotion
2747,Control
149,Reason
1743,Emotion
3305,Control
1683,Reason
4207,Emotion
443,Control
4285,Reason
1170,Emotion
2748,Control
669,Reason
1347,Emotion
1717,Control
1790,Reason
3796,Emotion
2173,Control
3875,Reason
2487,Emotion
914,Control
4646,Reason
1559,Emotion
346,Control
3935,Reason
4457,Emotion
2704,Control
470,Reason
3214,Emotion
46,Control
3997,Reason
685,Emotion
622,Control
227,Reason
2483,Emotion
4125,Control
260,Reason
607,Emotion
379,Control
3877,Reason
1813,Emotion
1439,Control
3432,Reason
931,Emotion
2719,Control
3882,Reason
1413,Emotion
799,Control
2576,Reason
3639,Emotion
1566,Control
2871,Reason
1161,Emotion
62,Control
3349,Reason
330,Emotion
700,Control
3682,Reason
2321,Emotion
769,Control
917,Reason
2354,Emotion
880,Control
2627,Reason
4603,Emotion
3108,Control
2753,Reason
2636,Emotion
1312,Control
4955,Reason
2305,Emotion
297,Control
175,Reason
3709,Emotion
1746,Control
590,Reason
4029,Emotion
1017,Control
4166,Reason
2451,Emotion
2806,Control
2565,Reason
4435,Emotion
2551,Control
4189,Reason
485,Emotion
3547,Control
2961,Reason
551,Emotion
741,Control
4468,Reason
108,Emotion
4344,Control
708,Reason
3183,Emotion
1782,Control
422,Reason
1339,Emotion
2726,Control
3418,Reason
3630,Emotion
3561,Control
4669,Reason
3865,Emotion
831,Control
3321,Reason
3154,Emotion
3916,Control
3637,Reason
1460,Emotion
4505,Control
3243,Reason
822,Emotion
3839,Control
3366,Reason
856,Emotion
4342,Control
1799,Reason
3778,Emotion
2279,Control
4945,Reason
525,Emotion
4094,Control
4736,Reason
796,Emotion
3901,Control
2277,Reason
226,Emotion
157,Control
993,Reason
709,Emotion
1201,Control
3861,Reason
1327,Emotion
2115,Control
4866,Reason
1288,Emotion
3237,Control
4438,Reason
4430,Emotion
1959,Control
4043,Reason
1948,Emotion
3570,Control
2581,Reason
3526,Emotion
299,Control
4567,Reason
2990,Emotion
658,Control
1193,Reason
4263,Emotion
1306,Control
4656,Reason
3577,Emotion
1051,Control
4030,Reason
2398,Emotion
2334,Control
1315,Reason
3802,Emotion
4198,Control
3482,Reason
2814,Emotion
4873,Control
671,Reason
2510,Emotion
4358,Control
3788,Reason
4784,Emotion
1053,Control
2015,Reason
135,Emotion
2243,Control
4392,Reason
4979,Emotion
4265,Control
645,Reason
4890,Emotion
4728,Control
4710,Reason
1678,Emotion
1401,Control
2765,Reason
1628,Emotion
433,Control
4008,Reason
1019,Emotion
4597,Control
794,Reason
553,Emotion
4852,Control
4297,Reason
3999,Emotion
3395,Control
2668,Reason
1136,Emotion
1854,Control
3517,Reason
3035,Emotion
2996,Control
4594,Reason
2756,Emotion
1663,Control
1786,Reason
1229,Emotion
4815,Control
1650,Reason
377,Emotion
3380,Control
3587,Reason
2702,Emotion
1634,Control
4581,Reason
4835,Emotion
1508,Control
3798,Reason
4345,Emotion
155,Control
3397,Reason
4753,Emotion
1934,Control
2853,Reason
4737,Emotion
3399,Control
4370,Reason
4836,Emotion
1389,Control
4465,Reason
2229,Emotion
929,Control
4575,Reason
3046,Emotion
4122,Control
4851,Reason
2708,Emotion
1494,Control
2109,Reason
4526,Emotion
452,Control
2186,Reason
4448,Emotion
1882,Control
897,Reason
3716,Emotion
851,Control
1481,Reason
3127,Emotion
2885,Control
1235,Reason
1507,Emotion
4303,Control
3072,Reason
3253,Emotion
3856,Control
689,Reason
1123,Emotion
479,Control
4061,Reason
1620,Emotion
3337,Control
2488,Reason
4842,Emotion
1431,Control
4313,Reason
2826,Emotion
3090,Control
4828,Reason
2783,Emotion
3583,Control
2865,Reason
2823,Emotion
3611,Control
4366,Reason
1525,Emotion
1355,Control
1982,Reason
2856,Emotion
2518,Control
3342,Reason
1097,Emotion
4093,Control
3056,Reason
4919,Emotion
3164,Control
1876,Reason
4408,Emotion
3925,Control
1690,Reason
3555,Emotion
1591,Control
2022,Reason
4776,Emotion
3429,Control
2054,Reason
1608,Emotion
1217,Control
2857,Reason
1364,Emotion
3030,Control
495,Reason
11,Emotion
652,Control
952,Reason
1789,Emotion
2717,Control
4272,Reason
1330,Emotion
779,Control
4200,Reason
1301,Emotion
1723,Control
4854,Reason
582,Emotion
4779,Control
619,Reason
2074,Emotion
107,Control
2374,Reason
4875,Emotion
3330,Control
1372,Reason
2842,Emotion
3789,Control
2091,Reason
3417,Emotion
395,Control
4977,Reason
3855,Emotion
3431,Control
2138,Reason
2654,Emotion
4922,Control
3369,Reason
488,Emotion
1612,Control
3771,Reason
3404,Emotion
4155,Control
3762,Reason
3126,Emotion
1100,Control
2607,Reason
2136,Emotion
240,Control
3026,Reason
3273,Emotion
3519,Control
1116,Reason
989,Emotion
2283,Control
4119,Reason
4259,Emotion
2880,Control
1109,Reason
3941,Emotion
4012,Control
973,Reason
2342,Emotion
4288,Control
889,Reason
1428,Emotion
3887,Control
4770,Reason
3969,Emotion
120,Control
4876,Reason
36,Emotion
1859,Control
2973,Reason
4291,Emotion
4576,Control
3782,Reason
3331,Emotion
4959,Control
2855,Reason
3047,Emotion
3313,Control
557,Reason
4428,Emotion
869,Control
439,Reason
1555,Emotion
4183,Control
2543,Reason
4568,Emotion
4598,Control
661,Reason
4523,Emotion
2810,Control
319,Reason
3601,Emotion
386,Control
3163,Reason
971,Emotion
2377,Control
3398,Reason
706,Emotion
1891,Control
4838,Reason
878,Emotion
4528,Control
2652,Reason
4657,Emotion
643,Control
4976,Reason
1175,Emotion
4878,Control
943,Reason
180,Emotion
4338,Control
2821,Reason
2128,Emotion
1645,Control
305,Reason
887,Emotion
3966,Control
4892,Reason
1221,Emotion
4674,Control
287,Reason
3733,Emotion
2828,Control
391,Reason
27,Emotion
4897,Control
102,Reason
4321,Emotion
3938,Control
3532,Reason
3024,Emotion
4869,Control
2798,Reason
2644,Emotion
3401,Control
1592,Reason
630,Emotion
3840,Control
2244,Reason
4197,Emotion
3493,Control
3869,Reason
4495,Emotion
332,Control
2085,Reason
4001,Emotion
1444,Control
3634,Reason
3316,Emotion
2252,Control
3101,Reason
2246,Emotion
3219,Control
1830,Reason
1637,Emotion
1607,Control
1063,Reason
1725,Emotion
3100,Control
4280,Reason
1679,Emotion
1984,Control
2226,Reason
1935,Emotion
2181,Control
2360,Reason
1441,Emotion
4031,Control
1140,Reason
2322,Emotion
841,Control
1292,Reason
3357,Emotion
3462,Control
3768,Reason
3939,Emotion
2780,Control
3254,Reason
2998,Emotion
3340,Control
1519,Reason
4376,Emotion
2731,Control
1898,Reason
3860,Emotion
4147,Control
1610,Reason
2727,Emotion
1886,Control
2530,Reason
3977,Emotion
1918,Control
3650,Reason
2291,Emotion
1211,Control
849,Reason
4582,Emotion
1076,Control
3158,Reason
1050,Emotion
4315,Control
1248,Reason
1427,Emotion
1757,Control
2214,Reason
3891,Emotion
4260,Control
4235,Reason
1503,Emotion
3371,Control
4088,Reason
34,Emotion
2860,Control
969,Reason
4225,Emotion
2005,Control
1363,Reason
4068,Emotion
403,Control
2389,Reason
1848,Emotion
4420,Control
1547,Reason
1626,Emotion
2752,Control
3085,Reason
1154,Emotion
2107,Control
1964,Reason
355,Emotion
1837,Control
2526,Reason
2172,Emotion
1172,Control
2942,Reason
2794,Emotion
3509,Control
1907,Reason
86,Emotion
4655,Control
358,Reason
3769,Emotion
2932,Control
3830,Reason
1222,Emotion
2601,Control
1398,Reason
3442,Emotion
4302,Control
4423,Reason
3315,Emotion
256,Control
159,Reason
2555,Emotion
3949,Control
2380,Reason
601,Emotion
212,Control
2919,Reason
2204,Emotion
2845,Control
2619,Reason
3476,Emotion
564,Control
3081,Reason
2097,Emotion
1807,Control
22,Reason
3866,Emotion
1232,Control
4485,Reason
3620,Emotion
1483,Control
1749,Reason
3500,Emotion
307,Control
4957,Reason
1580,Emotion
4178,Control
4938,Reason
2950,Emotion
864,Control
4608,Reason
4647,Emotion
4948,Control
4638,Reason
2419,Emotion
3499,Control
4404,Reason
4293,Emotion
3669,Control
1263,Reason
1093,Emotion
387,Control
3569,Reason
3492,Emotion
3059,Control
3964,Reason
117,Emotion
313,Control
3550,Reason
3926,Emotion
4964,Control
716,Reason
1869,Emotion
3917,Control
3228,Reason
3050,Emotion
3962,Control
2007,Reason
3257,Emotion
4616,Control
2679,Reason
494,Emotion
4931,Control
1981,Reason
3736,Emotion
3271,Control
2712,Reason
4383,Emotion
1209,Control
440,Reason
4695,Emotion
42,Control
3465,Reason
4446,Emotion
4270,Control
4164,Reason
169,Emotion
3858,Control
4802,Reason
3642,Emotion
3224,Control
537,Reason
1666,Emotion
3376,Control
3325,Reason
997,Emotion
4974,Control
793,Reason
4682,Emotion
4191,Control
1560,Reason
3247,Emotion
1491,Control
4245,Reason
2338,Emotion
4975,Control
3153,Reason
1511,Emotion
1702,Control
1773,Reason
2303,Emotion
3427,Control
4330,Reason
1598,Emotion
522,Control
3129,Reason
1446,Emotion
3040,Control
659,Reason
3729,Emotion
124,Control
182,Reason
3850,Emotion
